" The customer doesn\'t exist in the system anymore","Покупатель более не зарегистрирован в системе"
" and "," и "
"(Absolute path or Relative to Magento install root, ex. var/export)","(абсолютный или относительный путь к корневой установке Magento, напр. var/export)"
"(For US 2-letter state names)","(Для двухбуквенных названий штатов США)"
"(If left empty will be auto-generated)","(Если оставить пустыми будут сгенерировано автоматически)"
"(Leave empty for first spreadsheet)","(Оставьте пустым для первой таблицы)"
"(Products will be added/updated to this store if 'store' column is blank or missing in the import file.)","(Товар будет добавлен/обновлен для этого магазина, если столбец 'магазин' пустой или пропущен в файле импорта.)"
"(Shift-)Click or drag to change value","(Shift-)Кликните или тяните для изменения значения"
"(Starting with)","(Начиная с)"
"(When 'No', only mapped fields will be imported. When mapping, use 'column1', 'column2', etc.)","(Если выбрано 'Нет', будут импортированы только mapped поля. Когда мэппируете, используйте 'стоолбец1', 'столбец2 'и т.д.)"
"(You have to increase php memory_limit before changing this value)","(Необходимо увеличить  php memory_limit перед изменением этого значения)"
"(\\t for tab)","(\\t для tab)"
"* - If indexing is in progress, it will be killed and new indexing process will start","* - если происходит индексация, она будет остановлена и начата сначала"
"- Click on any of the time parts to increase it","- Кликните на любой цифре, чтобы изменить их"
"- Hold mouse button on any of the above buttons for faster selection.","- Для быстрого выделения держите кнопки мыши нажатыми над кнопками выше"
"- Use the %s buttons to select month","- Используйте кнопки %s  для выбора месяца"
"- Use the %s, %s buttons to select year","- Используйте кнопки %s, %s  чтобы выбрать год"
"- or Shift-click to decrease it","- или Shift-клик для уменьшения"
"- or click and drag for faster selection.","- или нажмите и тяните для быстрого выделения."
"-- Please Select --","-- Выберите --"
"-- Please select --","-- Выберите --"
"-- Please select a category --","-- Выберите категорию --"
"--Please Select--","-- Выберите --"
"1 Hour","1 час"
"12 Hours","12 Часов"
"2 Hours","2 Часа"
"24 Hours","24 Часа"
"2YTD","2 Года"
"6 Hours","6 Часов"
"<h1 class=""page-heading"">404 Error</h1><p>Page not found.</p>","<h1 class=""page-heading"">Ошибка 404r</h1><p>Страница не найдена</p>"
"<h1 class=""page-heading"">Access denied</h1><p>Access denied.</p>","<h1 class=""page-heading"">Доступ запрещен</h1><p>Доступ запрещен.</p>"
"A new password was sent to your email address. Please check your email and click Back to Login.","Новый пароль был отправлен на ваш e-mail. Проверьте сообщения и нажмите «Назад» для входа в систему."
"API Stability","Стабильное API"
"API Version","Версия API"
"API:","API:"
"About the calendar","О календаре"
"Access Denied.","Доступ запрещен"
"Access Deny","Доступ запрещен"
"Account Created in:","Аккаунт создан:"
"Account Created on (%s):","Аккаунт создан (%s):"
"Account Created on:","Аккаунт создан:"
"Account Information","Информация об аккаунте"
"Account status","Состояние учетной записи"
"Account successfully saved","Учетная запись успешно сохранена"
"Action","Действие"
"Actions","Действия"
"Actions XML","XML действия"
"Active","Активен"
"Add","Добавить"
"Add Contents Path","Добавить путь к оглавлению"
"Add Exception","Добавить исключение"
"Add Field Mapping","Добавить мэппинг поля"
"Add Field with URL:","Добавить поле с URL"
"Add Maintainer","Добавить ведущего"
"Add New Image","Добавить новое изображение"
"Add New Profile","Добавить новый профиль"
"Add New Role","Добавить новую роль"
"Add New Template","Добавить новый шаблон"
"Add New Urlrewrite","Добавить новое правило url"
"Add New User","Добавить нового пользователя"
"Add New osCommerce Profile","Добавить новый профиль osCommerce"
"Add PHP Extension dependency","Добавить зависимость PHP расширение"
"Add Package dependency","Добавить зависимость пакета"
"Add Subpackage dependency","Добавить зависимость подпакета"
"Add Urlrewrite","Добавить Urlrewrite"
"Add Urlrewrite for a Category","Добавить Urlrewrite для категории"
"Add Urlrewrite for a Product","Добавить Urlrewrite для продукта"
"Add after","Добавить после"
"Add new Role","Добавить новую роль"
"Address Type:","Тип адреса:"
"Admin","Админ"
"Advanced Admin Section","Расширенный раздел Admin"
"Advanced Profiles","Расширенные профили"
"Advanced Section","Расширенный раздел"
"Aggregate Order","Совокупный заказ"
"All","Все"
"All Allowed Countries","Все разрешенные страны"
"All Cache","Весь кэш"
"All Files","Все файлы"
"All Store Views","Все виды магазинов"
"All Tags","Все тэги"
"All Websites","Все сайты"
"All countries","Все страны"
"All fields","Все поля"
"All possible rates were fetched, click on ""Save"" to apply","Все возможные значения были получены. Нажмите ""Сохранить"" чтобы применить изменения"
"All rates were fetched, click on ""Save"" to apply","Все значения были получены. Нажмите ""Сохранить"" чтобы применить изменения"
"All valid rates successfully saved","Все верные цены успешно сохранены"
"Amounts","Суммы"
"Any","Любой(ая)"
"Any Attribute Set","Любой набор атрибутов"
"Any Group","Все группы"
"Any Status","Любой статус"
"Any Store","Любой магазин"
"Any Type","Любой тип"
"Any Visibility","Любая видимость"
"Api Key","Ключ API "
"Api Key Confirmation","Подтверждение ключа API"
"Archive file name:","Название файла с архивом:"
"Are you sure that you want to delete this template?","Хотите удалить шаблон?"
"Are you sure that you want to strip tags?","Вы уверены, что вы хотите убрать метки?"
"Are you sure you want to do this?","Уверены?"
"Are you sure you wish to INSTALL all selected packages?","Вы уверены, что хотите установить все выбранные пакеты?"
"Are you sure you wish to UNINSTALL all selected packages?","Вы уверены, что хотите удалить все выбранные пакеты?"
"Are you sure you wish to UPGRADE all selected packages?","Вы уверены, что хотите обновить все выбранные пакеты?"
"Area","Зона"
"Assigned","Соответствует"
"Attribute Set Name:","Название набора атрибутов:"
"Attribute set successfully saved.","Набор атрибутов сохранен."
"Attribute set was successfully removed.","Набор атрибутов удален."
"Attributes","Атрибуты"
"Available Products","Доступные продукты"
"Available Version","Доступная версия"
"Average Order Amount","Среднее количество заказов"
"Average Orders","Средняя сумма заказа"
"Back","Назад"
"Back to Login","Назад ко входу"
"Back to local packages","Вернуться к локальным пакетам"
"Backup","Бэкап"
"Backup record was deleted","Резервная копия удалена"
"Backup successfully created","Резервная копия успешно создана"
"Backups","Резервные копии"
"Base currency","Базовая валюта"
"Bcc","Скрытая копия"
"Bestsellers","Хиты"
"Big Image","Большое изображение"
"Billing Address","Адрес регистрации"
"Billing address","Адрес оплаты"
"Block Information","Информация о блоке"
"Both (without and with tax)","Оба (с уплатой и без уплаты налогов)"
"Browse Available Extensions","Просмотреть доступные расширения"
"Browse Available Remote Extensions","Просмотреть доступные удаленные расширения"
"Browse Files...","Просмотреть файлы ..."
"Bundle Items","Набор товаров"
"Bundle with dynamic pricing cannot include custom defined options. Options will not be saved.","Набор с динамическими ценами не может включать другие цены. Опции не будут сохранены."
"CRITICAL","КРИТИЧНО"
"CSV","CSV"
"CSV / Tab separated","Csv / Tab-разделение"
"Cache Control","Управление кэшем"
"Cache Control (beta)","Управление кэшем (beta)"
"Cache Management","Управление кэшем"
"Can not add new comment.","Невозможно добавить новый комментарий"
"Can not add tracking number.","Невозможно добавить номер отправления"
"Can not delete tracking number.","Невозможно удалить номер отправления"
"Can not do credit memo for order","Невозможно создать мемориальный ордер для заказа"
"Can not do invoice for order","Невозможно создать инвойс к заказу"
"Can not do shipment for order.","Невозможно создать отправление к заказу"
"Can not initialize shipment for adding tracking number.","Невозможно инициализировать отправление для добавление номера."
"Can not initialize shipment for delete tracking number.","Невозможно инициализировать отправление для удаления номера."
"Can not load track with retrieving identifier.","Невозможно загрузить данные для идентификатора."
"Can not retrieve tracking number detail.","Невозможно получить детали по номеру отправления"
"Can not save credit memo","Невозможно сохранить мемориальный ордер"
"Can not save invoice","Невозможно сохранить счёт"
"Can not save shipment.","Невозможно сохранить отправление."
"Can not send shipment information.","Невозможно сохранить информацию об отправлении."
"Can not update item qty","Невозможно изменить количество товара."
"Can't delete design change","Не удается удалить измения дизайна"
"Can\'t find email address.","Невозможно найти адрес e-mail."
"Cancel","Отмена"
"Card Verification Number","Проверочный номер карты (CVC2)"
"Catalog","Каталог"
"Catalog Rewrites","Catalog Rewrites"
"Catalog Rewrites was refreshed successfully","Переадресация в каталоге успешно обновлена"
"Catalog Rewrites were refreshed successfully","Переадресация в каталоге успешно обновлена"
"Category","Категория"
"Category:","Категория:"
"Changelog","Изменения"
"Channel","Канал"
"Channel:","Канал:"
"Checkbox","Галочка"
"Choose Store View","Выберите вид магазина"
"Choose an attribute","Выбрите атрибут"
"Clear","Очистить"
"Close","Закрыть"
"Comment text field can not be empty.","Текстовое поле комментария не может быть пустым"
"Comments History","История комментариев"
"Complete","Завершен"
"Configuration","Конфигурация"
"Configuration successfully saved","Конфигурация успешно сохранена"
"Confirmed email:","Подтвержденный e-mail:"
"Conflicts","Конфликты"
"Connect with the Magento Community","Связаться с сообществом Magento"
"Contents","Содержание"
"Convert to Plain Text","Конвертировать в текст"
"Cookie (Unsafe)","Использование cookies (небезопасно)"
"Country","Страна"
"Country:","Страна:"
"Coupon Code","Код купона"
"Coupons","Купоны"
"Create","Создать"
"Create DB Backup","Создать резервную копию БД"
"Create Extension Package","Создание пакета расширений"
"Create New Attribute","Создать новый атрибут"
"Create Urlrewrite:","Создать Urlrewrite:"
"Created At","Создано"
"Credit Card Number","Номер кредитной карты"
"Credit Card Number: xxxx-%s","номер кредитной карты: xxxx-%s"
"Credit Card Type","Тип карты"
"Credit Card Type: %s","Тип карты: %s"
"Credit Memo #%s comment added","Комментарий к мемориальному ордеру #%s добавлен"
"Credit Memo #%s created","Мемориальный ордер #%s создан"
"Credit Memo History","История возврата платежей"
"Credit Memo Totals","Сумма возврата"
"Credit Memo cancel error.","Ошибка отмены мемориального ордера"
"Credit Memo total must be positive.","Сумма мемориального ордера должна быть положительна."
"Credit Memo void error","Мемориальный ордер пуст."
"Credit Memo was successfully canceled.","Мемориальный ордер отменен."
"Credit Memo was successfully created","Мемориальный ордер создан"
"Credit Memo was successfully voided","Мемориальный ордер аннулирован"
"Currency","Валюта"
"Currency Information","Информация о валюте"
"Currency Setup Section","Раздел управления валютами"
"Current Configuration Scope:","Текущий раздел конфигурации:"
"Current Release Information","Информация текущего выпуска"
"Custom","Указанный"
"Customer","Покупатель"
"Customer Group:","Группа пользователей:"
"Customer Name","Имя покупателя:"
"Customer Since:","Заказчик начиная с:"
"Customer was deleted","Пользователь был удален"
"Customer was successfully saved","Пользователь был успешно сохранен"
"Customer with the same email already exists.","Пользователь с таким же email уже существует."
"Customers","Покупатели"
"DHTML Date/Time Selector","Выбор даты и времени"
"Dashboard","Пульт управления"
"Data Format","Формат данных"
"Data transfer:","Передача данных:"
"Date Added","Дата добавлена"
"Date Updated","Дата изменена"
"Date selection:","Выбор даты:"
"Date selector","Выбор даты"
"Date:","Дата:"
"Decimal separator:","Десятичный разделитель:"
"Default (Admin) Values","Значения по умолчанию (Admin)"
"Default Config","Конфигурация по умолчанию"
"Default Template from Locale","Шаблон по умолчанию из локали"
"Default Values","Значения по умолчанию"
"Default display currency ""%s"" is not available in allowed currencies","Валюта по умолчанию ""%s"" не доступна в разрешенных валютах"
"Default scope","Раздел по умолчанию"
"Delete","Удалить"
"Delete %s","Удалить %s"
"Delete %s '%s'","Удалить %s '%s'"
"Delete Profile","Удалить профиль"
"Delete Role","Удалить роль"
"Delete Store View","Удалить вид магазина"
"Delete Template","Удалить шаблон"
"Delete User","Удалить пользователя"
"Delete Website","Удалить сайт"
"Dependencies","Зависимости"
"Description","Описание"
"Description:","Описание:"
"Design","Дизайн"
"Design Section","Раздел дизайна"
"Design change deleted","Изменения дизайна удалены"
"Design change saved","Изменения дизайна сохранены"
"Developer Section","Раздел разработчика"
"Direction:","Направление:"
"Disable","Отменить"
"Disabled","Отменено"
"Discount Amount","Величина скидки"
"Display %s first","Выводить %s первым"
"Display default currency","Отображать валюту по умолчанию"
"Distributed under GNU LGPL. See %s for details.","Распространяется под лицензией GNU LGPL. Смотрите %s для подробностей."
"Do you really want to KILL parallel process and start new indexing process?","Вы действительно полны уверенности остановить работающий поцесс и запустить индексацию заново?"
"Done By:","Обработан:"
"Done by:","Обработан:"
"Download Remote File","Скачать удаленный файла"
"Download and Install","Загрузка и установка"
"Downloading and installing $pkg, please wait...","Загрузка и установка $pkg, пожалуйста, подождите ..."
"Drag to move","Тяните, чтобы переместить"
"Drop-down","Выпадающий список"
"Edit","Редактировать"
"Edit Email Template","Изменить email шаблон"
"Edit Poll","Редактировать опрос"
"Edit Role","Редактирование роли"
"Edit Store View","Редактировать вид магазина"
"Edit System Template","Изменить системный шаблон"
"Edit Tag","Редактировать тэг"
"Edit Template","Редактировать шаблон"
"Edit Urlrewrite","Редактрировать Urlrewrite"
"Edit User","Редактировать пользователя"
"Edit User '%s'","Редактировать пользователя '%s'"
"Edit Website","Редактировать сайт"
"Email","Электропочта"
"Email Address:","Адрес электропочты:"
"Email Preview","Просмотр письма"
"Email address is empty.","Пустой адрес электропочты."
"Email to a Friend","Отправить другу"
"Email:","Email:"
"Enable","Включить"
"Enabled","Включено"
"Enclose Values In:","Заключить значения в:"
"Entity Type","Тип сущности"
"Entity type:","Тип сущности"
"Error uploading the file","Ошибка загрузки файла"
"Error while cleared Image cache. Please try again later","Ошибка во время очистки кэша иллюстраций, повторите попытку позже."
"Error while create backup. Please try again later","Ошибка создания резервной копии, повторите попытку позже"
"Error while deleting this role. Please try again later.","Ошибка при удалении этой роли, повторите попытку позже."
"Error while deleting this set.","Ошибка при удалении этого набора."
"Error while finished process. Please refresh cache","Ошибка при завершении процесса. Пожалуйста, обновите кэш"
"Error while rebuilded Search Index. Please try again later","Ошибка при обновлении поискового индекса, повторите попытку позже"
"Error while refreshed Catalog Rewrites. Please try again later","Ошибка при обновлении переадресации в каталоге, повторите попытку позже"
"Error while refreshed Layered Navigation Indices. Please try again later","Ошибка при обновлении индексов многослойной навигации, повторите попытку позже"
"Error while saving account. Please try again later","Ошибка при сохранении учетной записи. пожалуйста, повторите попытку позже"
"Error while saving this configuration: ","Ошибка при сохранении этой конфигурации:"
"Error while saving this role. Please try again later.","Ошибка при сохранении этой роли, повторите попытку позже."
"Error while updating selected review(s). Please try again later.","Ошибка при обновлении выбранных отзывов, повторите попытку позже."
"Excl. Tax","Без налогов"
"Exclude","Исключить"
"Exclude (comma separated)","Исключить (через запятую)"
"Expiration Date","Срок действия"
"Expiration Date: %s/%s","Срок действия: %s/%s"
"Export","Экспорт"
"Export CSV","Экспорт CSV"
"Export Filters","Экспортировать фильтры"
"Export to:","Экспорт в:"
"Export:","Экспорт:"
"Extension","Расширение"
"Extension Name","Название расширения"
"Extensions","Расширения"
"FTP Host[:Port]","Ftp хост[:порт]"
"Failed to add a product to cart by id ""%s""","Ошибка при добавлении товара в корзина по ID ""%s"""
"Failed to load %1$s.xml or %1$s.ser","Ошибка загрузки %1$s.xml или %1$s.ser"
"Field","Поле"
"Field Mapping","Поле картографии"
"File","Файл"
"File Information","Файл информации"
"File name:","Имя файла:"
"File size should be more than 0 bytes","Размер файла должен быть более 0 байт"
"Final Price","Конечная цена"
"Finished profile execution.","Закончено выполнение профиля."
"First Name","Имя"
"First Name:","Имя:"
"Firstname","Имя"
"Fixed","Исправлено"
"For category","Для категории"
"For latest version visit: %s","Последняя версия доступна здесь: %s"
"For product","Для продукта"
"Forgot your password?","Забыли пароль?"
"Forgot your user name or password?","Забыли имя пользователя или пароль?"
"From","с"
"Gb","Гб"
"General Information","Общая информация"
"General Section","Общий раздел"
"Get Image Base64","Получить изображение в Base64"
"Get help for this page","Получить помощь для данной страницы"
"Global Attribute","Глобальный атрибут"
"Global Record Search","Глобальный поиск записи"
"Global Search","Глобальный поиск"
"Go Today","Сегодня"
"Google Base","Google Base"
"Google Base Items","Google Base Items"
"Grand Total","ВСЕГО"
"Grid (default) / List","Сеткой (по умолчанию)/список"
"Grid only","Только сеткой"
"Group:","Группы:"
"Guest","Гость"
"HTTP (unsecure)","HTTP (открытый)"
"HTTPS (SSL)","HTTPS (закрытый)"
"Help Us Keep Magento Healthy - Report All Bugs","Помогите сделать Magento еще лучше - сообщайте о всех ошибках"
"Home","Домашнаяя"
"ID","ID"
"ID Path","ID путь"
"IP Address","IP адрес"
"Ignore","Игнорировать"
"Image cache was cleared successfully","Кэш изображений очищен"
"Images","Изображения"
"Images (.gif, .jpg, .png)","Изображения (.gif, .jpg, .png)"
"Images Cache","Кэш изображений"
"Import","Импорт"
"Import Service","Импорт услуг"
"Import/Export","Импорт/экспорт"
"Import/Export Advanced","Import/Export Advanced"
"Import/Export Profile","Импорт/экспорт профиля"
"Imported <strong>%s</strong> records","Импортировано <strong>%s</strong> записей"
"In","В"
"In Database:","В базе данных:"
"In File:","В файл:"
"Inactive","Неактивен"
"Incl. Tax","Включая налог"
"Include","Включить"
"Incoming Message","Входящее сообщение"
"Individual Item","Индивидуальная единица"
"Install","Установка"
"Install Package File","Установка файла пакета"
"Installed As","Установлено как:"
"Installed Extension Info","Информация установленного расширения"
"Installed Version","Установленная версия"
"Installing $pkg, please wait...","Установка $pkg, подождите ..."
"Installing selected packages, please wait...","Установка выбраных пакетов, пожалуйста, подождите..."
"Instant Payment Notification (IPN)","Моментальное уведомление оплаты (IPN)"
"Interactive","Интерактивно"
"Interface Locale: %s","Язык интерфейса: %s"
"Invalid Form Key","Неверный ключ формы"
"Invalid Import Service Specified","Указан неверный сервис импорта"
"Invalid POST data (please check post_max_size and upload_max_filesize settings in you php.ini file)","Неверные данные, переданные через метод POST (проверьте значения post_max_size и upload_max_filesize в файле php.ini)"
"Invalid URL","Неправильный url"
"Invalid Username or Password.","Неправильные имя пользователя или пароль."
"Invalid directory: %s","Неверный каталог: %s"
"Invalid file: %s","Неправильный файл: %s"
"Invalid input data for %s => %s rate","Неправильный ввод данных для %s => %s цена"
"Invalid input:","Неправильный ввод:"
"Invalid parrent block for this block","Неверный родительский блок для данного блока"
"Invalid section value","Неверное значение раздела"
"Invalid store value","Неверное значение магазина"
"Invalid website value","Неверное значение сайта"
"Invoice #%s comment added","Комментарий к счету #%s добавлен"
"Invoice #%s created","Платёж #%s создан"
"Invoice History","История платежей"
"Invoice Totals","Сумма оплаты"
"Invoice and shipment was successfully created.","Счет и отправление созданы."
"Invoice cancel error.","Ошибка отмены счёта."
"Invoice capture error","Ошибка записи счёта"
"Invoice void error","Ошибка аннулирования счёта"
"Invoice was successfully canceled.","Счёт отменен."
"Invoice was successfully captured","Счёт записан"
"Invoice was successfully created.","Счёт создан."
"Invoice was successfully voided","Счет аннулирован"
"Issue Number","Номер случая"
"Issuer: %s","Эмитент: %s"
"Items","Items"
"Kb","Кб"
"Last 24 hours","Последние 24 часа"
"Last 5 Orders","Последние 5 заказов"
"Last 5 Search Terms","Последние 5 условий поиска"
"Last 7 days","За последние 7 дней"
"Last Logged In (%s):","Последний вход (%s):"
"Last Logged In:","Последний вход в систему:"
"Last Month","Последний месяц"
"Last Name","Фамилия"
"Last Name:","Фамилия:"
"Lastname","Фамилия"
"Latest Message:","Последнее сообщение:"
"Layered Navigation Indices","Индексы многослойной навигации"
"Layered Navigation Indices was refreshed successfully","Индексы многослойной навигации обновлены"
"Layered Navigation Indices were refreshed successfully","Индексы многослойной навигации обновлены"
"Layered Navigation indexing queue cancelled","Запрос индексации многослойной навигации отменён"
"Layered Navigation indexing queued","Запрошена индексация многослойной навигации"
"Layered Navigation process queued to be killed","Запрошена отмена многослойной навигации"
"Leave empty to use tax identifier","Оставьте пустым для идентификатора налога"
"Level","Уровень"
"License","Лицензия"
"License URI","URI лицензии"
"License:","Лицензия:"
"Lifetime Sales","Всего продаж"
"Links","Ссылки"
"List (default) / Grid","Список (по умолчанию) / сетка"
"List only","Только список"
"Load Template","Загрузка шаблона"
"Load default template","Загрузка шаблона по умолчанию"
"Load local Package","Загрузить локальный пакет"
"Loading...","Загрузка ..."
"Local Server","Локальный сервер"
"Local/Remote Server","Локальный/удаленный сервер"
"Locale","Локаль "
"Log Out","Выйти"
"Log in to Admin Panel","Вход в административную панель"
"Log into Magento Admin Page","Зайди на административную страницу Magento"
"Logged in as %s","В системе как %s"
"Login","Логин"
"MAJOR","ВАЖНО(Е)"
"MINOR","ОБЫЧНО(Е)"
"MS Excel XML","MS Excel XML"
"Magento Admin","Администрирование Magento"
"Magento Commerce - Administrative Panel","Magento Commerce — административная панель"
"Magento Connect","Расширения (Magento Connect)"
"Magento Connect Manager","Управление расширениями"
"Magento Logo","Логотип Magento"
"Magento is a trademark of Irubin Consulting Inc. DBA Varien. Copyright &copy; %s Irubin Consulting Inc.","Magento является зарегистрированной торговой маркой Irubin Consulting Inc. DBA Varien. Copyright &copy; %s Irubin Consulting Inc."
"Magento ver. %s","Magento вер.  %s"
"Magento&trade; is a trademark of Irubin Consulting Inc. DBA Varien.<br/>Copyright &copy; %s Irubin Consulting Inc.","Magento&trade;является зарегистрированной торговой маркой Irubin Consulting Inc. DBA Varien.<br/>Copyright &copy; %s Irubin Consulting Inc."
"Maintainers","Мейнтейнеры"
"Manage Currency Rates","Управление курсом валют"
"Manage Customers","Управление покупателями"
"Manage Installed Extensions","Управление установленными расширениями"
"Manage Ratings","Управление рейтингами"
"Manage Stores","Управление магазинами"
"Manage osCommerce Orders","Управление заказами osCommerce"
"Manage osCommerce Profiles","Управление профилями osCommerce"
"Matched expression","Подходящее выражение"
"Max","Максимум"
"Maximum","Максимальный"
"Mb","Мб"
"Media (.avi, .flv, .swf)","Медиа (.avi, .flv, .swf)"
"Messages Inbox","Входящие"
"Min","Минимум"
"Minimum","Минимальный"
"Most Viewed Products","Наиболее просматриваемые товары"
"Multiple Select","Многократное выделение"
"My Account","Мой аккаунт"
"N/A","н/д"
"NOTICE","УВЕДОМЛЕНИЕ"
"Name","Имя"
"Name on Card","Имя на карте"
"Name on the Card: %s","Имя на карте: %s"
"Name:","Имя:"
"New Accounts","Новые аккаунты"
"New Api Key","Новый ключ Api"
"New Customers","Новые покупатели"
"New Email Template","Новый шаблон email"
"New Extension","Новое расширение"
"New Item Type","Новый тип предмета "
"New Password","Новый пароль"
"New Profile","Новый профиль"
"New Store View","Новый вид магазина"
"New System Template","Новый системный шаблон"
"New Tag","Новый тэг"
"New Template","Новый шаблон"
"New User","Новый пользователь"
"New Website","Новый сайт"
"New admin password","Новый пароль администратора"
"Next month (hold for menu)","Следующий месяц (придержите для меню)"
"Next page","Следующая страница"
"Next year (hold for menu)","Следующий год (придержите для меню)"
"No","Нет"
"No (price without tax)","Нет (цена без учета налогов)"
"No Data Found","Данных не найдено"
"No Extensions Found","Расширений не найдено"
"No Templates Found","Шаблоны не найдены"
"No change","Без изменений"
"No profile","Нет профиля"
"No profile loaded...","Профайл не загружен ..."
"No records found for this period.","Не найдено записей за этот период."
"No records found.","Не найдено записей."
"No search keywords.","Нет ключевых слов для поиска."
"No search modules registered","Нет зарегистрированных модулей поиска"
"None","Нет"
"Note:","Замечание:"
"Notes","Заметки"
"Notes:","Примечания:"
"Number of Orders","Количество заказов"
"Number of Use","Количество использований"
"Number of Uses","Количество"
"Number of records:","Количество записей:"
"Old rate:","Старая ставка:"
"One of options row has error","Одна из строк опций содержит ошибку"
"Only attributes with scope ""Global"", input type ""Dropdown"" and Use To Create Configurable Product ""Yes"" are available.","Доступны только атрибуты из набора ""Глобальные"", типа ввода ""Выпадающий список"" и для создания настраиваемых товаров."
"Only mapped fields","Только мэпированные поля"
"Optional","Дополнительно"
"Options","Опции"
"Order #%s","Заказ #%s"
"Order #%s (%s)","Заказ #%s (%s)"
"Order Totals","ВСЕГО  "
"Order confirmation email not sent","Email о подтверждении заказа не отправлен"
"Order confirmation email sent","Email о подтверждении заказа отправлен"
"Order not longer exist","Заказ более не существует"
"Order not longer exist.","Заказ более не существует"
"Orders","Заказы"
"Original Magento attribute names in first row:","Оригинальные имена атрибутов Magento в первой строке:"
"PEAR Configuration was successfully saved","PEAR конфигурация была успешно сохранена"
"PEAR Console","PEAR консоль"
"PEAR config","Pear конфигурация"
"PHP Version","Версия PHP"
"Package","Пакет"
"Package %s data was successfully loaded","Данные пакета %s были успешно загружены"
"Package Extensions","Расширения пакетов"
"Package File Name","Имя файла пакета"
"Package Info","Информация пакета"
"Package Information","Информация пакета"
"Packages","Пакеты"
"Page","Страница"
"Parent Product Thumbnail","Иконка родительского продукта"
"Passive mode","Пассивный режим"
"Password","Пароль"
"Password Confirmation","Подтверждение пароля"
"Password:","Пароль:"
"Path","Путь"
"Path:","Путь:"
"PayPal Email","PayPal Email"
"Payment Data Transfer (PDT)","Передача платежных данных (PDT)"
"Payment method must be specified","Должен быть указан метод оплаты"
"Pending Tags","Ожидающие тэги"
"Pending installation...","До установки ..."
"Per Item","За единицу"
"Per Order","За заказ"
"Percent","%"
"Performed At","Подтверждено"
"Period","Период"
"Permanent (301)","Постоянно (301)"
"Permissions","Права доступа"
"Personal Information","Персональная информация"
"Phone:","Телефон:"
"Please confirm site switching. All data that hasn\'t been saved will be lost.","Подтвердите переключение сайта. Все несохраненные данные будут утеряны"
"Please enter 6 or more characters.","Введите 6 или более символов"
"Please enter a number greater than 0 in this field.","Введите число больше 0"
"Please enter a valid $ amount. For example $100.00.","Введите правильную денежную величину. Например, 100.00."
"Please enter a valid URL. For example http://www.example.com or www.example.com","Введите правильный адрес. Например, http://www.site.ru или www.site.ru"
"Please enter a valid URL. http:// is required","Введите правильный адрес. Указание схемы http:// обязательно"
"Please enter a valid credit card number.","Введите правильный номер кредитной карты."
"Please enter a valid date.","Введите правильную дату."
"Please enter a valid email address. For example johndoe@domain.com.","Введите правильный адрес электропочты. Например, pochta@site.ru."
"Please enter a valid number in this field.","Введите правильное число в это поле."
"Please enter a valid phone number. For example (123) 456-7890 or 123-456-7890.","Please enter a valid phone number. For example (123) 456-7890 or 123-456-7890."
"Please enter a valid social security number. For example 123-45-6789.","Введите правильный номер социального страхования. Например, 123-45-6789"
"Please enter a valid value from list","Введите значение из списка"
"Please enter a valid value, ex: 10,20,30","Введите правильное значение, напр. 10,20,30"
"Please enter a valid zip code.","Введите правильный почтовый индекс."
"Please enter a valid zip code. For example 90602 or 90602-1234.","Введите правильный почтовый индекс. Например, 344113"
"Please enter valid password.","Введите правильный пароль"
"Please fill in 'email' field.","Пожалуйста, заполните поле 'email'."
"Please make sure that all global admin search modules are installed and activated.","Пожалуйста, убедитесь в том, что все глобальные модули административного поиска установлены и активированы."
"Please make sure that your changes were saved before running the profile.","Пожалуйста, убедитесь, что ваши изменения были сохранены перед запуском профиля."
"Please make sure your passwords match.","Убедитесь, что пароли совпадают"
"Please select State/Province.","Выберите область (штат, провинция)"
"Please select a custmer","Пожалуйста, выберите пользователя"
"Please select a store","Выберите магазин"
"Please select an option.","Выберите опцию"
"Please select catalog searches","Пожалуйста, выберите поиск каталог"
"Please select customer(s)","Пожалуйста, выберите пользователей"
"Please select one of the above options.","Выберите одну из опций выше."
"Please select one of the options.","Выберите одну из опций."
"Please select review(s)","Пожалуйста, выберите отзывы"
"Please select tag(s)","Пожалуйста, выберите метки"
"Please specify admin custom URL","Укажите свой адрес для админа"
"Please specify at least start or end date.","Просьба указать, по крайней мере, дату начала или конца."
"Please use in this field only ""a-z,0-9,_"".","Пожалуйста,используйте в поле только символы ""a-я,0-9,_""."
"Please use letters only (a-z) in this field.","В этом поле допустимы только буквы (а-я,a-z)."
"Please use numbers only in this field. please avoid spaces or other characters such as dots or commas.","В этом поле допустимы только цифры."
"Please use only letters (a-z) or numbers (0-9) only in this field. No spaces or other characters are allowed.","В этом поле допустимы только буквы и цифры. Пожалуйста, никакой фигни типа пробелов."
"Please use only letters (a-z) or numbers (0-9) or spaces and # only in this field.","В этом поле допустимы только буквы и цифры и пробел и чисто такая решётка #."
"Please use this date format: dd/mm/yyyy. For example 17/03/2006 for the 17th of March, 2006.","Допустим следующий формат даты: dd/mm/yyyy. Например, 15/03/2009 для 15 марта 2009."
"Please wait, loading...","Подождите, загружается...."
"Please wait...","Пожалуйста, подождите ..."
"Please, add a few answers to this poll first","Пожалуйста, вначале добавьте несколько ответов на этот опрос"
"Please, select visible in stores to this poll first","Пожалуйста, вначале выберите видимость в магазинах на этот опрос"
"Poll Manager","Менеджер голосований"
"Poll was successfully deleted","Опрос был удален"
"Poll was successfully saved","Опрос был успешно сохранен"
"Position of Watermark for %s","Позиция водяного знака для %s"
"Preferred state","Желательное состояние"
"Preparing to change $pkg, please wait...","Подготовка к измению $pkg, пожалуйста, подождите ..."
"Prev. month (hold for menu)","Пред. Месяц (hold for menu)"
"Prev. year (hold for menu)","Пред. Год (hold for menu)"
"Preview","Предварительный просмотр"
"Preview Template","Посмотреть шаблон"
"Previous page","Предыдущая страница"
"Price","Цена"
"Price alert subscription was saved successfully","Подписка на уведомления об изменении цены на товар сохранена"
"Price:","Цена:"
"Primary Billing Address","Основной адрес регистрации"
"Processed <strong>%s%% %s/%d</strong> records","Обработано <strong>%s%% %s/%d</strong> записей"
"Product","Товар:"
"Product Thumbnail Itself","Иконка товара"
"Product:","Товар:"
"Products","Товары"
"Profile Action","Действие для профиля"
"Profile Actions XML","Профиль действий XML"
"Profile Direction","Направление профиля"
"Profile History","История профиля"
"Profile Information","Информация профиля"
"Profile Name","Название профиля"
"Profile Wizard","Мастер профилей"
"Profile was deleted","Профиль удален"
"Profile was successfully saved","Профиль был успешно сохранен"
"Profiles","Профили"
"Promo","Акция"
"Promotions","Продвижение"
"Provided Files","Предоставляемые файлы"
"Qty","Кол-во"
"Quantity","Количество"
"Queue Refresh","Обновить очередь"
"Queued... Cancel","Постановка в очередь... Отменить"
"Radio Buttons","Радио кнопки"
"Rates","Цены"
"Rating was successfully deleted","Рейтинг был удален"
"Rating was successfully saved","Рейтинг была успешно сохранена"
"Read details","Прочитать подробнее"
"Rebuild","Перестроить"
"Recent Orders","Последние заказы"
"Recommended","Рекомендуем"
"Recursive Dir","Рекурсивный каталог"
"Redirect","Перенаправление"
"Refresh","Обновить"
"Refresh Now*","Обновить сейчас*"
"Region/State","Регион/штат"
"Release","Выпуск"
"Release Info","Информация выпуска"
"Release Stability","Стабильный выпуск"
"Release Version","Версия выпуска"
"Remote Extension Info","Информация удаленного расширения"
"Remote FTP","Удаленный FTP"
"Remote URL:","Удаленный URL:"
"Remove","Удалить"
"Reports","Отчеты"
"Request Path","Запрашиваемый путь (path)"
"Required","Обязательное поле"
"Reset","Сбросить"
"Reset Filter","Сбросить фильтр"
"Resize","Изменение размера"
"Resource Access","Доступ к ресурсу"
"Resources","Ресурсы"
"Results","Результаты"
"Retrieve Password","Получить пароль"
"Return Html Version","Вернуть Html Версию"
"Revenue","Доход"
"Role","Роль"
"Role ID","ID роли"
"Role Info","Информация о роли"
"Role Information","Информация о роли"
"Role Name","Название роли"
"Role Resources","Ресурсы роли"
"Role Users","Пользователи роли"
"Role successfully deleted.","Роль удалена."
"Role successfully saved.","Роль успешно сохранена."
"Roles","Роли"
"Roles Resources","Ресурсы ролей"
"Rotate CCW","Повернуть против часовой"
"Rotate CW","Повернуть по часовой"
"Run","Исполнить"
"Run Profile","Запуск профиля"
"Run Profile In Popup","Запуск профиль в всплывающем окне"
"Run Profile Inside This Window","Запуск профиля внутри этого окна"
"Run in popup","Запуск во всплывающем окне"
"Running... Kill","Исполняется.... убить"
"Running:","Запущено:"
"SKU","SKU"
"SKU:","SKU:"
"SSL Error: Invalid or self-signed certificate","Ошибка SSL: Неправильный или самостоятельно подписанный сертификат"
"Sales Report","Отчет о продажах"
"Samples","Образцы"
"Save","Сохранить"
"Save & Generate","Сохранить и сгенерировать"
"Save Account","Сохранить учетную запись"
"Save And Continue Edit","Сохранить и продолжить редактирование"
"Save As...","Сохранить как..."
"Save Config","Сохранить параметры"
"Save Currency Rates","Созранить курсы валют"
"Save PEAR Config","Запомнить PEAR конфигурацию"
"Save Profile","Сохранить профиль"
"Save Role","Сохранить роль"
"Save Template","Сохранить шаблон"
"Save User","Сохранить пользователя"
"Save and Continue Editing","Сохранить и продолжить редактирование"
"Save cache settings","Сохранить настройки кэша"
"Save data and Create Package","Сохранить данные и создать пакет"
"Save package with custom package file name","Сохранить пакет под другим именем файла"
"Search","Найти"
"Search Index","Индекс поиска"
"Search Index was rebuilded successfully","Индекс поиска перестроен"
"Search Term","Условие поиска"
"Search Terms","Условия поиска"
"Select","Выбрать"
"Select All","Выбрать все"
"Select Category","Выбрать категорию"
"Select Date","Выбрать дату"
"Select Range","Выбрать промежуток"
"Select Visible","Выбор видимых"
"Select date","Выбрать дату"
"Selected allow currency ""%s"" is not available in installed currencies","Выбранная валюта ""%s"" не установлена"
"Selected base currency is not available in installed currencies","Выбранная базовая валюта не установлена."
"Selected default display currency is not available in allowed currencies","Валюта по умолчанию не указана в списке разрешенных валют"
"Selected default display currency is not available in installed currencies","Валюта по умолчанию не установлена"
"Sender","Отправитель"
"Separate email","Отдельный (другой) email"
"Shipment #%s comment added","Комментарий к отправлению #%s добавлен"
"Shipment #%s created","Отгрузка #%s создана"
"Shipment Comments","Комментарии к отправлению"
"Shipment History","История отгрузки"
"Shipment was successfully created.","Отправление создано."
"Shipment was successfully sent.","Отправление отправлено."
"Shipping","Доставка"
"Shipping Address","Адрес доставки"
"Shipping Price","Цена доставки"
"Shipping address","Адрес доставки"
"Shipping address selection is not applicable","Выбор адреса доставки недоступен"
"Shipping method must be specified","Должен быть указан метод доставки"
"Shipping method selection is not applicable","Выбор способа доставки недоступен"
"Shipping origin","Происхождение доставки"
"Shopping Cart from %s","Корзина из %s"
"Show Report for","Показать отчет для"
"Show by","Показать в"
"Show reviews","Показать отзывы"
"Sitemap Information","Информация о карте сайта"
"Size for %s","Размер для %s"
"Skip category selection","Пропустить выбор категории"
"Some items in this order have different invoice and shipment types. You can create shipment only after the invoice is created.","Некоторые товары в этом заказе имеют разные номера счёта и способ доставки. Мы можете задать способ доставки только после составления счёта."
"Some of the ordered items don\'t exist in the catalog anymore and will be removed if you try to edit the order.","Некоторых заказанных товаров больше нет на складе и они будут удалены из счёта при его редактировании."
"Sorry, this feature is coming soon...","Приносим извинения, эта функция будет реализована в ближайшее время ..."
"Sort Order","Порядок сортировки"
"Specific Countries","Конкретные страны"
"Spreadsheet Name:","Название таблицы:"
"Stability","Стабильность"
"Start Date","Дата начала"
"Starting profile execution, please wait...","Запущено выполнение профиля, подождите ..."
"State/Province:","Штат/провинция:"
"Status","Статус"
"Status:","Статус:"
"Stock Quantity:","Количество в магазине:"
"Stock notification was saved successfully","Подписка на уведомление о появлении товара в наличии сохранена"
"Store","Магазин"
"Store Email Addresses Section","Раздел Email адресов магазина"
"Store View","Вид магазина"
"Store:","Магазин:"
"Subject","Тема"
"Submit","Выполнить"
"Subpackage","Подпакет"
"Subpackage can't be conflicting","Подпакет не может быть в конфликте"
"Subpackages","Подпакеты"
"Subtotal","Подитог"
"Subtotal Amount","Итоговая сумма"
"Summary","Итог"
"Summary:","Итог:"
"Switch/Solo Only","Только расчётные карты Switch/Solo(Великобритания)"
"Switch/Solo card issue number: %s","Номер карты Switch/Solo(Великобритания): %s"
"Switch/Solo/Maestro(UK Domestic) Only","Только расчётные карты Switch/Solo/Maestro(Великобритания)"
"Switch/Solo/Maestro(UK Domestic) card issue number: %s","Номер карты Switch/Solo/Maestro(Великобритания): %s"
"Switch/Solo/Maestro(UK Domestic) card start Date: %s/%s","Дата карты Switch/Solo/Maestro(Великобритания): %s/%s"
"System","Система"
"System Section","Системный раздел"
"Tag was successfully deleted","Метка была удалена"
"Tag was successfully saved","Метка была успешно сохранена"
"Tags","Тэги"
"Target Path","Путь цели"
"Tax","Налог"
"Tb","Тб"
"Template","Шаблон"
"Template Content","Содержимое шаблона"
"Template Information","Информация о шаблоне"
"Template Name","Имя шаблона"
"Template Subject","Тема шаблона"
"Template Type","Тип шаблона"
"Temporary (302)","Временный (302)"
"Text","Текст"
"The archive can be uncompressed with <a href=""%s"">%s</a> on Windows systems","Архив может быть распакован при помощи <a href=""%s"">%s</a> на системах с Windows"
"The information in this tab has been changed.","Информация в этой вкладке изменилась."
"This account is","Эта учетная запись"
"This attribute set don\'t have attributes which we can use for configurable product","В этом наборе атрибутов нет атрибутов для конфигурируемых товаров"
"This attribute shares the same value in all the stores","Этот атрибут совместно использует значение во всех магазинах"
"This is a required field.","Обязательное поле"
"This product is currently disabled","Этот продукт в настоящее время отменен"
"This section is not allowed.","Этот раздел запрещён"
"This tab contains invalid data. Please solve the problem before saving.","Эта вкладка содержит некорректные данные. Исправьте перед сохранением."
"This user no longer exists","Этот пользователь больше не существует"
"Thumbnail","Мини-изображение"
"Time selection:","Выбрать время:"
"Time:","Время:"
"To","по"
"Toggle Editor","Переключить редактор"
"Tools","Инструменты"
"Top 5 Search Terms","5 популярных условий поиска"
"Total","Всего"
"Total %d records found","Всего найдено %d записей"
"Total Amount","Общая сумма"
"Total Invoiced","Всего платежей"
"Total Order Amount","Общее количество заказов"
"Total Refunded","Всего возвратов"
"Total of %d record(s) were successfully deleted","Всего удалено  %d записей"
"Total of %d record(s) were successfully updated","Всего обновлено  %d записей"
"Track order","Отследить заказ"
"Track this shipment","Отследить отправление"
"Tracking number %s for %s assigned","Номер отслеживания %s для %s установлен"
"Tracking number can not be empty.","Номер отслеживание не может быть пуст."
"Transactional Emails","Транзакционные письма"
"Type","Тип"
"Type:","Тип:"
"Unable to find a poll to delete","Не удается найти опрос для удаления"
"Unable to find a tag to delete","Не удалось найти метку для удаления"
"Unable to find a user to delete","Не удалось найти пользователя для удаления"
"Unable to initialize import model","Невозможно инициализировать модель импорта"
"Unable to save Cron expression","Невозможно сохранить выражение Cron"
"Uninstall","Удаление"
"Uninstalling $pkg, please wait...","Удаление $pkg, подождите ..."
"Uninstalling selected packages, please wait...","Удаление выбранных пакетов, пожалуйста, подождите ..."
"Unknown","Неизвестный"
"Unknown error","Неизвестная ошибка"
"Unselect All","Снять все"
"Unselect Visible","Снять выбор с видимых"
"Update","Обновить"
"Updated At","Обновлено"
"Upgrade","Обновление"
"Upgrade All Available Packages","Обновить все возможные пакеты"
"Upgrade all available packages","Обновить все возможные пакеты"
"Upgrade all packages","Обновить все пакеты"
"Upgrading $pkg, please wait...","Обновление $pkg, подождите ..."
"Upgrading all available packages, please wait...","Обновление всех доступных пакетов, пожалуйста, подождите ..."
"Upgrading all packages, please wait...","Обновление всех пакетов, пожалуйста, подождите ..."
"Upgrading selected packages, please wait...","Обновление выбраных пакетов, пожалуйста, подождите ..."
"Upload File","Загрузка файла"
"Upload Files","Загрузка файлов"
"Upload HTTP Error","HTTP ошибка загрузки"
"Upload I/O Error","I/O ошибка загрузки"
"Upload Local File","Загрузить локальный файл"
"Upload Security Error","Ошибка безопасности загрузки"
"Upload and Install","Загрузка и установка"
"Upload import file","Загрузка файла для импорта"
"Upload local file:","Загрузить локальный файл:"
"Url Rewrite Management","Управление Url Rewrite"
"Urlrewrite Information","Информация Urlrewrite"
"Use Default Value","Использовать значение по умолчанию"
"Use default","Использовать по умолчанию"
"Use website","Использование веб-сайта"
"User","Пользователь"
"User Email","Email пользователя"
"User ID","ID пользователя"
"User Info","Информация о пользователе"
"User Information","Информация о пользователе"
"User Name","Имя пользователя"
"User Name:","Имя пользователя:"
"User Role","Роль пользователя"
"User Roles","Роли пользователя"
"User Roles Information","Информация о роли пользователя"
"User name","Имя пользователя"
"User was successfully deleted","Пользователь был удален"
"User was successfully saved","Пользователь был успешно сохранен"
"User with the same User Name or Email aleady exists","Пользователя с тем же именем пользователя или email-ом уже существует"
"Users","Пользователи"
"Value","Значение"
"Value Delimiter:","Значение разделителя:"
"Version","Версия"
"Version:","Версия:"
"View","Выводить"
"View Actions XML","Cмотреть действия xml"
"View Statistics for","Просмотр статистики для"
"Visibility:","Видимость:"
"Warning! Empty value can cause problems with CSV format.","Внимание! Пустые значения могут вызывать проблемы в CSV формате."
"Warning!\r\nThis action will remove this user from already assigned role\r\nAre you sure?","Внимание!\r\nЭто действие удалит пользователя из присвоенной роли.\r\nВы уверены?"
"Warning!\r\nThis action will remove those users from already assigned roles\r\nAre you sure?","Внимание!\r\nЭто действие удалит пользователей из присвоенных ролей.\r\nВы уверены?"
"Warning: Please don't close window during importing/exporting data","Предупреждение: пожалуйста, не закрывайте окно во время импорта/экспорта данных"
"Watermark File for %s","Файл с водяным знаком для %s"
"We\'re in our typing table, coding away more features for Magento. Thank you for your patience.","Сейчас мы в домике и заняты совершенствованием Magento. Благодарим за выдержку и нордический характер."
"Web Section","Раздел Веб"
"Web Services","Веб сервисы"
"Web services","Веб сервисы"
"Website","Сайт"
"What is this?","Что это?"
"Wishlist Report","Отчет листа пожеланий"
"Wrong column format","Неверный формат колонки"
"Wrong tab configuration","Неверная конфигурация вкладки"
"XML","XML"
"YTD","Год"
"Yes","Да"
"Yes (only price with tax)","Да (только цены с налогом)"
"You can not delete self assigned roles.","Вы не можете удалять роли назначенные самому себе"
"You cannot delete account of yourself","Вы не можете удалить учетную запись о себе"
"You have","У вас есть"
"You have not enought permissions to login.","У вас недостаточно прав для входа"
"You have not enought permissions to use this functionality.","У вас недостаточно прав для использования этой функциональности"
"You need specify carrier.","Необходимо указать способ доставки"
"You need to specify order items","You need to specify order items"
"You successfully logged out.","Вы успешно вышли из системы."
"Your Account has been deactivated.","Ваша учетная запись была отключена."
"Your answers contain duplicates.","Ваши ответы содержат дубликаты."
"Your server PHP settings allow you to upload files not more than %s at a time. Please modify post_max_size (currently is %s) and upload_max_filesize (currently is %s) values in php.ini if you want to upload larger files.","Настройки PHP разрешают одновременную загрузку не более чем %s файлов. Измените настройки post_max_size (сейчас =  %s) и upload_max_filesize (сейчас = %s) в php.ini, если Вы хотите загружать файлы ещё большего размера."
"Zip/Postal Code","Почтовый индекс:"
"Zip/Postal Code:","Почтовый индекс:"
"[ deleted ]","[удалено]"
"[deleted]","[удалено]"
"b","б"
"close","закрыть"
"critical","критично"
"example: ""sitemap/"" or ""/"" for base path (path must be writeable)","пример: ""sitemap/"" или ""/"" для корневого пути (должен быть доступен для чтения)"
"example: sitemap.xml","пример: sitemap.xml"
"images/logo.gif","images/logo.gif"
"items selected","Выбранные пункты"
"major","важно(е)"
"md5sum","md5sum"
"minor","обычно(е)"
"notice","уведом."
"of %s pages","Из %s страниц"
"per page","на страницу"
"store(%s) scope","Охват магазина(%s)"
"to","до"
"website(%s) scope","Охват сайта(%s)"
"{{base_url}} is not recommended to use in a production environment to declare the Base Unsecure Url / Base Secure Url. It is highly recommended to change this value in your Magento <a href=""%s"">configuration</a>.","{{base_url}} не рекомендован к использованию на рабочем сервере для объявления корневого пути. Настоятельно рекомендуем изменить это значение в Вашей <a href=""%s"">конфигурации Magento</a>."
